{"cameraMode":{"drawMode":0,"name":"Shaded","section":"Shading Mode"},"sceneLighting":true,"audioPlay":false,"sceneViewState":{"m_AlwaysRefresh":false,"showFog":true,"showSkybox":true,"showFlares":true,"showImageEffects":true,"showParticleSystems":true,"showVisualEffectGraphs":true,"m_FxEnabled":true},"in2DMode":false,"pivot":{"x":-1.934826135635376,"y":2.2196502685546877,"z":0.29819202423095705},"rotation":{"x":0.007897919975221157,"y":0.9549136757850647,"z":-0.29570916295051577,"w":0.025506477802991868},"size":2.552401065826416,"orthographic":true}